Doofenshmirtz,2015-11-14 Behold my new inator!!
Perry,2015-11-16 Weird sound,2015-11-17 Another weird sound,2015-11-17 Again I made a weird sound
Jasper,2015-11-17 Today is sadness:((,2015-11-18 @Ferb Hi sorry I couldn’t make it!!,2015-11-19 at school again,2015-11-20 Grrrrrrr.mondays:(“
Ferb,2015-11-18 She's on a roll,2015-11-21 He makes #history come alive,2015-11-22 A hero's a hero but everyone loves a great villain
Phineas,2015-11-18 hey,2015-11-18 another adventurous day,2015-11-19 Fame is fleeting…,2015-11-21 We’re making S’Winter.
Mom,2015-11-16 You boys have fun!,2015-11-18 I like that he uses a litter box #Perry,2015-12-02 Has anyone seen Perry?
Dad,2015-11-17 hello world,2015-11-18 Today is a good day,2015-11-20 whats up?
Candice,2015-11-18 Darn Brothers,2015-11-20 School gets in the way of busting
Baljeet
Tester
Meep
